{
    "channel_loss": 0.04,
    "convergence_set": [],
    "convergence_sets": [
        [
            11,
            12
        ]
    ],
    "convergence_treshold": 2,
    "corrupted_parts": [
        0,
        2,
        2,
        2,
        0,
        1,
        2,
        2,
        1,
        0,
        2,
        5,
        0,
        5,
        2,
        1,
        7,
        3,
        3,
        2,
        5,
        3,
        3,
        2
    ],
    "corruption_chance_tod": 0.0046007041390386865,
    "critical_size_threshold": 3,
    "cswc": 0,
    "delay": [
        0,
        3.5,
        2.449275362318841,
        1.0,
        2.1707317073170733,
        2.48,
        2.0,
        3.0,
        2.0,
        0,
        2.0,
        2.0,
        2.4096385542168677,
        3.8,
        2.364341085271318,
        3.0,
        2.142857142857143,
        2.6666666666666665,
        2.3333333333333335,
        3.0,
        1.8,
        2.6507936507936507,
        1.6666666666666667,
        2.244047619047619
    ],
    "disconnected_workers": [
        0,
        0,
        1,
        0,
        1,
        1,
        0,
        0,
        0,
        0,
        0,
        0,
        1,
        0,
        2,
        0,
        0,
        0,
        0,
        0,
        0,
        1,
        0,
        3
    ],
    "file_name": "FBZ_0134.NEF",
    "hive_id": "c0e60d80-055d-41c3-b68b-0a3ca60d7133",
    "hive_size_after_maintenance": [
        8,
        8,
        8,
        8,
        8,
        8,
        8,
        8,
        8,
        8,
        8,
        8,
        8,
        8,
        8,
        8,
        8,
        8,
        8,
        8,
        8,
        8,
        8,
        8
    ],
    "hive_size_before_maintenance": [
        8,
        8,
        7,
        8,
        7,
        7,
        8,
        8,
        8,
        8,
        8,
        8,
        7,
        8,
        6,
        8,
        8,
        8,
        8,
        8,
        8,
        7,
        8,
        5
    ],
    "hive_status_before_maintenance": [
        "stable",
        "stable",
        "sufficient",
        "stable",
        "sufficient",
        "sufficient",
        "stable",
        "stable",
        "stable",
        "stable",
        "stable",
        "stable",
        "sufficient",
        "stable",
        "sufficient",
        "stable",
        "stable",
        "stable",
        "stable",
        "stable",
        "stable",
        "sufficient",
        "stable",
        "unstable"
    ],
    "initial_spread": "a",
    "largest_convergence_window": 2,
    "lost_messages": [
        39,
        38,
        21,
        29,
        19,
        21,
        34,
        32,
        33,
        24,
        36,
        28,
        26,
        35,
        20,
        27,
        33,
        24,
        28,
        30,
        18,
        23,
        12,
        24
    ],
    "lost_parts": [
        0,
        0,
        67,
        0,
        41,
        49,
        0,
        0,
        0,
        0,
        0,
        0,
        83,
        0,
        127,
        0,
        0,
        0,
        0,
        0,
        0,
        60,
        0,
        166
    ],
    "max_epochs": 50,
    "max_recovery_delay": 4,
    "min_recovery_delay": 1,
    "moved_parts": [
        905,
        843,
        741,
        724,
        598,
        646,
        913,
        812,
        765,
        780,
        758,
        760,
        691,
        748,
        552,
        833,
        746,
        725,
        723,
        691,
        659,
        593,
        571,
        431
    ],
    "msg": [
        "lost all replicas of file part with id: FBZ_0134.NEF_#_40"
    ],
    "original_hive_size": 8,
    "parts_in_hive": [
        1083,
        1081,
        1012,
        1031,
        1006,
        990,
        1027,
        1050,
        1067,
        1081,
        1080,
        1077,
        998,
        1017,
        913,
        974,
        1014,
        1043,
        1075,
        1075,
        1074,
        1016,
        1028,
        878,
        0,
        0,
        0,
        0,
        0,
        0,
        0,
        0,
        0,
        0,
        0,
        0,
        0,
        0,
        0,
        0,
        0,
        0,
        0,
        0,
        0,
        0,
        0,
        0,
        0,
        0
    ],
    "read_size": 131072,
    "redundant_size": 14,
    "replication_level": 3,
    "simfile_name": "template.json",
    "successfull": false,
    "sufficient_size_threshold": 6,
    "terminated": 24
}
